{
  "@context": "https://schema.org",
  "@type": "ProfessionalService",
  "name": "Market Intelligence Hub",
  "url": "https://yourdomain.com",
  "logo": "https://yourdomain.com/images/logo.png",
  "image": "https://yourdomain.com/images/hero.jpg",
  "description": "Top-rated market analysis services for enterprises and startups.",
  "address": {
    "@type": "PostalAddress",
    "streetAddress": "123 Business St",
    "addressLocality": "New York",
    "addressRegion": "NY",
    "postalCode": "10001",
    "addressCountry": "US"
  },
  "telephone": "+1-800-123-4567"
}
